location,Date,TMAX_F,TMIN_F,TMAX_C,TMIN_C
washington,11/1/2025,66,45,18.88888889,7.222222222
washington,11/2/2025,66,44,18.88888889,6.666666667
washington,11/3/2025,65,52,18.33333333,11.11111111
washington,11/4/2025,65,49,18.33333333,9.444444444
washington,11/5/2025,73,42,22.77777778,5.555555556
washington,11/6/2025,61,44,16.11111111,6.666666667
washington,11/7/2025,65,38,18.33333333,3.333333333
washington,11/8/2025,71,55,21.66666667,12.77777778
washington,11/9/2025,64,50,17.77777778,10
washington,11/10/2025,55,37,12.77777778,2.777777778
washington,11/11/2025,47,31,8.333333333,-0.555555556
washington,11/12/2025,62,37,16.66666667,2.777777778
washington,11/13/2025,60,43,15.55555556,6.111111111
washington,11/14/2025,57,35,13.88888889,1.666666667
washington,11/15/2025,65,49,18.33333333,9.444444444
washington,11/16/2025,66,45,18.88888889,7.222222222
washington,11/17/2025,52,41,11.11111111,5
washington,11/18/2025,50,33,10,0.555555556
washington,11/19/2025,50,43,10,6.111111111
washington,11/20/2025,49,42,9.444444444,5.555555556
washington,11/21/2025,56,47,13.33333333,8.333333333
washington,11/22/2025,59,45,15,7.222222222
washington,11/23/2025,64,43,17.77777778,6.111111111
washington,11/24/2025,59,41,15,5
washington,25-Nov,55,45,12.77777778,7.222222222
washington,11/26/2025,72,48,22.22222222,8.888888889
washington,11/27/2025,48,37,8.888888889,2.777777778
washington,11/28/2025,44,32,6.666666667,0
washington,11/29/2025,44,30,6.666666667,-1.111111111
washingtton,11/30/2025,44,37,6.666666667,2.777777778
washington,12/1/2025,46,34,7.777777778,1.111111111
washington,12/2/2025,42,36,5.555555556,2.222222222
washington,12/3/2025,46,30,7.777777778,-1.111111111
washington,12/4/2025,46,30,7.777777778,-1.111111111
washington,12/5/2025,34,28,1.111111111,-2.222222222
washington,6-Dec,44,31,6.666666667,-0.555555556
washington,12/7/2025,43,29,6.111111111,-1.666666667
washington,12/8/2025,37,26,2.777777778,-3.333333333
washington,12/9/2025,33,20,0.555555556,-6.666666667
washington,12/10/2025,45,31,7.222222222,-0.555555556
washington,12/11/2025,44,34,6.666666667,1.111111111
washington,12/12/2025,39,29,3.888888889,-1.666666667
washington,12/13/2025,44,28,6.666666667,-2.222222222
washington,12/14/2025,38,18,3.333333333,-7.777777778
washington,12/15/2025,29,18,-1.666666667,-7.777777778
washington,12/16/2025,40,22,4.444444444,-5.555555556
washington,12/17/2025,51,28,10.55555556,-2.222222222
washington,12/18/2025,57,28,13.88888889,-2.222222222
washington,12/19/2025,60,36,15.55555556,2.222222222
washington,12/20/2025,45,28,7.222222222,-2.222222222
washington,12/21/2025,51,33,10.55555556,0.555555556
washington,12/22/2025,46,28,7.777777778,-2.222222222
washington,12/23/2025,43,38,6.111111111,3.333333333
washington,24-Dec,57,36,13.88888889,2.222222222
washington,12/25/2025,60,38,15.55555556,3.333333333
washington,12/26/2025,41,32,5,0
washington,12/27/2025,46,35,7.777777778,1.666666667
washington,12/28/2025,45,35,7.222222222,1.666666667
washington,12/29/2025,61,32,16.11111111,0
washington,12/30/2025,37,27,2.777777778,-2.777777778
washington,12/31/2025,37,27,2.777777778,-2.777777778
kyoto,11/1/2025,70,55,21.11111111,12.77777778
kyoto,11/2/2025,57,53,13.88888889,11.66666667
kyoto,11/3/2025,62,48,16.66666667,8.888888889
kyoto,11/4/2025,64,44,17.77777778,6.666666667
kyoto,11/5/2025,63,54,17.22222222,12.22222222
kyoto,11/6/2025,72,53,22.22222222,11.66666667
kyoto,11/7/2025,69,53,20.55555556,11.66666667
kyoto,11/8/2025,68,48,20,8.888888889
kyoto,11/9/2025,62,58,16.66666667,14.44444444
kyoto,10-Nov,64,51,17.77777778,10.55555556
kyoto,11/11/2025,63,45,17.22222222,7.222222222
kyoto,11/12/2025,61,45,16.11111111,7.222222222
kyoto,11/13/2025,63,52,17.22222222,11.11111111
kyoto,11/14/2025,68,50,20,10
kyoto,11/15/2025,67,48,19.44444444,8.888888889
kyoto,11/16/2025,68,46,20,7.777777778
kyoto,11/17/2025,72,49,22.22222222,9.444444444
kyoto,11/18/2025,58,47,14.44444444,8.333333333
kyoto,11/19/2025,52,44,11.11111111,6.666666667
kyoto,11/20/2025,59,39,15,3.888888889
kyoto,11/21/2025,64,42,17.77777778,5.555555556
kyoto,11/22/2025,62,45,16.66666667,7.222222222
kyoto,11/23/2025,64,42,17.77777778,5.555555556
kyoto,11/24/2025,63,45,17.22222222,7.222222222
kyoto,11/25/2025,57,49,13.88888889,9.444444444
kyoto,11/26/2025,59,47,15,8.333333333
kyoto,11/27/2025,61,42,16.11111111,5.555555556
kyoto,11/28/2025,58,49,14.44444444,9.444444444
kyoto,11/29/2025,59,45,15,7.222222222
kyoto,11/30/2025,64,41,17.77777778,5
kyoto,12/1/2025,67,58,19.44444444,14.44444444
kyoto,12/2/2025,67,51,19.44444444,10.55555556
kyoto,12/3/2025,57,41,13.88888889,5
kyoto,12/4/2025,47,35,8.333333333,1.666666667
kyoto,12/5/2025,52,36,11.11111111,2.222222222
kyoto,12/6/2025,54,35,12.22222222,1.666666667
kyoto,12/7/2025,60,37,15.55555556,2.777777778
kyoto,12/8/2025,59,44,15,6.666666667
kyoto,12/9/2025,55,42,12.77777778,5.555555556
kyoto,12/10/2025,56,38,13.33333333,3.333333333
kyoto,12/11/2025,61,41,16.11111111,5
kyoto,12/12/2025,56,42,13.33333333,5.555555556
kyoto,12/13/2025,52,35,11.11111111,1.666666667
kyoto,12/14/2025,56,46,13.33333333,7.777777778
kyoto,12/15/2025,51,41,10.55555556,5
kyoto,12/16/2025,56,36,13.33333333,2.222222222
kyoto,12/17/2025,54,40,12.22222222,4.444444444
kyoto,12/18/2025,54,42,12.22222222,5.555555556
kyoto,12/19/2025,59,35,15,1.666666667
kyoto,12/20/2025,66,47,18.88888889,8.333333333
kyoto,12/21/2025,58,51,14.44444444,10.55555556
kyoto,12/22/2025,51,42,10.55555556,5.555555556
kyoto,12/23/2025,57,35,13.88888889,1.666666667
kyoto,12/24/2025,57,48,13.88888889,8.888888889
kyoto,12/25/2025,55,49,12.77777778,9.444444444
kyoto,12/26/2025,49,36,9.444444444,2.222222222
kyoto,12/27/2025,47,33,8.333333333,0.555555556
kyoto,12/28/2025,51,36,10.55555556,2.222222222
kyoto,12/29/2025,56,34,13.33333333,1.111111111
kyoto,12/30/2025,56,42,13.33333333,5.555555556
kyoto,12/31/2025,49,37,9.444444444,2.777777778
vancouver,11/1/2025,54,45,12.22222222,7.222222222
vancouver,11/2/2025,52,41,11.11111111,5
vancouver,11/3/2025,50,41,10,5
vancouver,11/4/2025,56,39,13.33333333,3.888888889
vancouver,11/5/2025,60,46,15.55555556,7.777777778
vancouver,11/6/2025,51,47,10.55555556,8.333333333
vancouver,11/7/2025,55,44,12.77777778,6.666666667
vancouver,11/8/2025,50,42,10,5.555555556
vancouver,11/9/2025,62,45,16.66666667,7.222222222
vancouver,11/10/2025,55,47,12.77777778,8.333333333
vancouver,11/11/2025,55,42,12.77777778,5.555555556
vancouver,11/12/2025,52,43,11.11111111,6.111111111
vancouver,11/13/2025,53,41,11.66666667,5
vancouver,11/14/2025,46,41,7.777777778,5
vancouver,11/15/2025,50,42,10,5.555555556
vancouver,11/16/2025,53,46,11.66666667,7.777777778
vancouver,11/17/2025,52,41,11.11111111,5
vancouver,11/18/2025,46,39,7.777777778,3.888888889
vancouver,11/19/2025,50,37,10,2.777777778
vancouver,11/20/2025,49,42,9.444444444,5.555555556
vancouver,11/21/2025,48,45,8.888888889,7.222222222
vancouver,11/22/2025,49,45,9.444444444,7.222222222
vancouver,11/23/2025,49,41,9.444444444,5
vancouver,11/24/2025,43,37,6.111111111,2.777777778
vancouver,11/25/2025,41,37,5,2.777777778
vancouver,11/26/2025,46,40,7.777777778,4.444444444
vancouver,11/27/2025,46,43,7.777777778,6.111111111
vancouver,11/28/2025,49,39,9.444444444,3.888888889
vancouver,11/29/2025,43,37,6.111111111,2.777777778
vancouver,11/30/2025,44,34,6.666666667,1.111111111
vancouver,12/1/2025,42,37,5.555555556,2.777777778
vancouver,12/2/2025,44,37,6.666666667,2.777777778
vancouver,12/3/2025,42,38,5.555555556,3.333333333
vancouver,12/4/2025,43,40,6.111111111,4.444444444
vancouver,12/5/2025,47,41,8.333333333,5
vancouver,12/6/2025,50,43,10,6.111111111
vancouver,12/7/2025,48,43,8.888888889,6.111111111
vancouver,12/8/2025,51,43,10.55555556,6.111111111
vancouver,12/9/2025,49,42,9.444444444,5.555555556
vancouver,12/10/2025,51,42,10.55555556,5.555555556
vancouver,12/11/2025,50,44,10,6.666666667
vancouver,12/12/2025,48,43,8.888888889,6.111111111
vancouver,12/13/2025,56,43,13.33333333,6.111111111
vancouver,12/14/2025,53,48,11.66666667,8.888888889
vancouver,12/15/2025,56,46,13.33333333,7.777777778
vancouver,12/16/2025,48,44,8.888888889,6.666666667
vancouver,12/17/2025,49,39,9.444444444,3.888888889
vancouver,12/18/2025,45,38,7.222222222,3.333333333
vancouver,12/19/2025,42,36,5.555555556,2.222222222
vancouver,12/20/2025,43,38,6.111111111,3.333333333
vancouver,12/21/2025,43,40,6.111111111,4.444444444
vancouver,12/22/2025,43,36,6.111111111,2.222222222
vancouver,12/23/2025,43,37,6.111111111,2.777777778
vancouver,12/24/2025,39,36,3.888888889,2.222222222
vancouver,12/25/2025,40,34,4.444444444,1.111111111
vancouver,12/26/2025,42,33,5.555555556,0.555555556
vancouver,12/27/2025,36,31,2.222222222,-0.555555556
vancouver,12/28/2025,38,31,3.333333333,-0.555555556
vancouver,12/29/2025,43,35,6.111111111,1.666666667
vancouver,12/30/2025,40,35,4.444444444,1.666666667
vancouver,12/31/2025,46,35,7.777777778,1.666666667
liestal,11/1/2025,61,50,16.11111111,10
liestal,11/2/2025,55,48,12.77777778,8.888888889
liestal,11/3/2025,59,39,15,3.888888889
liestal,11/4/2025,59,36,15,2.222222222
liestal,11/5/2025,63,39,17.22222222,3.888888889
liestal,11/6/2025,55,34,12.77777778,1.111111111
liestal,11/7/2025,54,36,12.22222222,2.222222222
liestal,11/8/2025,54,39,12.22222222,3.888888889
liestal,11/9/2025,52,41,11.11111111,5
liestal,11/10/2025,52,43,11.11111111,6.111111111
liestal,11/11/2025,61,43,16.11111111,6.111111111
liestal,11/12/2025,59,43,15,6.111111111
liestal,11/13/2025,66,46,18.88888889,7.777777778
liestal,11/14/2025,59,48,15,8.888888889
liestal,11/15/2025,63,46,17.22222222,7.777777778
liestal,11/16/2025,52,43,11.11111111,6.111111111
liestal,11/17/2025,52,34,11.11111111,1.111111111
liestal,11/18/2025,41,30,5,-1.111111111
liestal,11/19/2025,45,27,7.222222222,-2.777777778
liestal,11/20/2025,41,34,5,1.111111111
liestal,11/21/2025,37,28,2.777777778,-2.222222222
liestal,11/22/2025,30,19,-1.111111111,-7.222222222
liestal,11/23/2025,36,19,2.222222222,-7.222222222
liestal,11/24/2025,43,37,6.111111111,2.777777778
liestal,11/25/2025,43,36,6.111111111,2.222222222
liestal,11/26/2025,39,34,3.888888889,1.111111111
liestal,11/27/2025,43,30,6.111111111,-1.111111111
liestal,11/28/2025,45,32,7.222222222,0
liestal,11/29/2025,52,39,11.11111111,3.888888889
liestal,11/30/2025,48,39,8.888888889,3.888888889
liestal,12/1/2025,43,34,6.111111111,1.111111111
liestal,12/2/2025,48,34,8.888888889,1.111111111
liestal,12/3/2025,43,36,6.111111111,2.222222222
liestal,12/4/2025,46,34,7.777777778,1.111111111
liestal,12/5/2025,48,32,8.888888889,0
liestal,12/6/2025,54,32,12.22222222,0
liestal,12/7/2025,57,45,13.88888889,7.222222222
liestal,12/8/2025,59,46,15,7.777777778
liestal,12/9/2025,57,39,13.88888889,3.888888889
liestal,12/10/2025,57,39,13.88888889,3.888888889
liestal,12/11/2025,50,45,10,7.222222222
liestal,12/12/2025,52,39,11.11111111,3.888888889
liestal,12/13/2025,50,37,10,2.777777778
liestal,12/14/2025,45,34,7.222222222,1.111111111
liestal,12/15/2025,45,32,7.222222222,0
liestal,12/16/2025,39,30,3.888888889,-1.111111111
liestal,12/17/2025,48,36,8.888888889,2.222222222
liestal,12/18/2025,54,36,12.22222222,2.222222222
liestal,12/19/2025,55,37,12.77777778,2.777777778
liestal,12/20/2025,55,41,12.77777778,5
liestal,12/21/2025,48,32,8.888888889,0
liestal,12/22/2025,29,32,-1.666666667,0
liestal,12/23/2025,37,36,2.777777778,2.222222222
liestal,12/24/2025,37,34,2.777777778,1.111111111
liestal,12/25/2025,36,30,2.222222222,-1.111111111
liestal,12/26/2025,34,28,1.111111111,-2.222222222
liestal,12/27/2025,39,28,3.888888889,-2.222222222
liestal,12/28/2025,32,27,0,-2.777777778
liestal,12/29/2025,30,21,-1.111111111,-6.111111111
liestal,12/30/2025,34,23,1.111111111,-5
liestal,12/31/2025,34,18,1.111111111,-7.777777778
newyork,11/1/2025,58,48,14.44444444,8.888888889
newyork,11/2/2025,59,43,15,6.111111111
newyork,11/3/2025,59,50,15,10
newyork,11/4/2025,59,47,15,8.333333333
newyork,11/5/2025,66,48,18.88888889,8.888888889
newyork,11/6/2025,57,42,13.88888889,5.555555556
newyork,11/7/2025,61,41,16.11111111,5
newyork,11/8/2025,65,54,18.33333333,12.22222222
newyork,11/9/2025,63,54,17.22222222,12.22222222
newyork,11/10/2025,59,35,15,1.666666667
newyork,11/11/2025,41,33,5,0.555555556
newyork,11/12/2025,50,38,10,3.333333333
newyork,11/13/2025,51,42,10.55555556,5.555555556
newyork,11/14/2025,51,40,10.55555556,4.444444444
newyork,11/15/2025,50,40,10,4.444444444
newyork,11/16/2025,56,41,13.33333333,5
newyork,11/17/2025,44,37,6.666666667,2.777777778
newyork,11/18/2025,45,37,7.222222222,2.777777778
newyork,11/19/2025,47,39,8.333333333,3.888888889
newyork,11/20/2025,47,38,8.333333333,3.333333333
newyork,11/21/2025,52,44,11.11111111,6.666666667
newyork,11/22/2025,52,40,11.11111111,4.444444444
newyork,11/23/2025,49,36,9.444444444,2.222222222
newyork,11/24/2025,52,43,11.11111111,6.111111111
newyork,11/25/2025,58,46,14.44444444,7.777777778
newyork,11/26/2025,59,49,15,9.444444444
newyork,11/27/2025,49,36,9.444444444,2.222222222
newyork,11/28/2025,43,33,6.111111111,0.555555556
newyork,11/29/2025,42,32,5.555555556,0
newyork,11/30/2025,47,37,8.333333333,2.777777778
newyork,12/1/2025,43,34,6.111111111,1.111111111
newyork,12/2/2025,40,34,4.444444444,1.111111111
newyork,12/3/2025,41,31,5,-0.555555556
newyork,12/4/2025,41,24,5,-4.444444444
newyork,12/5/2025,32,20,0,-6.666666667
newyork,12/6/2025,42,30,5.555555556,-1.111111111
newyork,12/7/2025,43,34,6.111111111,1.111111111
newyork,12/8/2025,38,22,3.333333333,-5.555555556
newyork,12/9/2025,35,19,1.666666667,-7.222222222
newyork,12/10/2025,47,32,8.333333333,0
newyork,12/11/2025,41,28,5,-2.222222222
newyork,12/12/2025,35,25,1.666666667,-3.888888889
newyork,12/13/2025,41,27,5,-2.777777778
newyork,12/14/2025,33,19,0.555555556,-7.222222222
newyork,12/15/2025,29,19,-1.666666667,-7.222222222
newyork,12/16/2025,32,24,0,-4.444444444
newyork,12/17/2025,47,30,8.333333333,-1.111111111
newyork,12/18/2025,50,36,10,2.222222222
newyork,12/19/2025,58,32,14.44444444,0
newyork,12/20/2025,38,30,3.333333333,-1.111111111
newyork,12/21/2025,46,29,7.777777778,-1.666666667
newyork,12/22/2025,39,28,3.888888889,-2.222222222
newyork,12/23/2025,40,35,4.444444444,1.666666667
newyork,12/24/2025,46,35,7.777777778,1.666666667
newyork,12/25/2025,49,29,9.444444444,-1.666666667
newyork,12/26/2025,29,20,-1.666666667,-6.666666667
newyork,12/27/2025,31,25,-0.555555556,-3.888888889
newyork,12/28/2025,39,22,3.888888889,-5.555555556
newyork,12/29/2025,49,31,9.444444444,-0.555555556
newyork,30-Dec,33,27,0.555555556,-2.777777778
newyork,12/31/2025,33,27,0.555555556,-2.777777778
